id,conversation_id,turn_id,user_role,user_query,intent,engine_focus,command_or_feature,sample_input,expected_output_type,assistant_role,assistant_response,difficulty,notes
1,conv_001,1,user,How do I count all rows?,usage,"exact, approx",COUNT,none,integer,assistant,"Use COUNT() with no column argument. In the exact engine it returns the true row count from user_table. In the approximate engine it counts the sampled rows and scales the result by 1/sample_frac, so it is much faster but only an estimate.",beginner,"Counts rows in the dataset. In the approximate engine, the sampled count is scaled up by 1/sample_frac."
2,conv_001,1,user,What command should I use to get the number of records?,difference,"exact, approx",COUNT,none,integer,assistant,"COUNT() is the right choice when you want the number of rows. For a fair comparison, wrap both exact.COUNT and approx.COUNT with _time_it and then compute speedup as exact_time / approx_time.",beginner,"Counts rows in the dataset. In the approximate engine, the sampled count is scaled up by 1/sample_frac."
3,conv_001,1,user,How can I compare exact COUNT with approximate COUNT?,parameter,"exact, approx",COUNT,none,integer,assistant,COUNT() does not need a column name here because your implementation counts all rows. Approximate COUNT is usually very close if the sample is representative.,beginner,"Counts rows in the dataset. In the approximate engine, the sampled count is scaled up by 1/sample_frac."
4,conv_001,1,user,Why am I getting unexpected output when using COUNT?,error_handling,"exact, approx",COUNT,none,integer,assistant,"Use COUNT() with no column argument. In the exact engine it returns the true row count from user_table. In the approximate engine it counts the sampled rows and scales the result by 1/sample_frac, so it is much faster but only an estimate.",intermediate,"Counts rows in the dataset. In the approximate engine, the sampled count is scaled up by 1/sample_frac."
5,conv_002,1,user,How should I interpret the result of COUNT?,interpretation,"exact, approx",COUNT,none,integer,assistant,"COUNT() is the right choice when you want the number of rows. For a fair comparison, wrap both exact.COUNT and approx.COUNT with _time_it and then compute speedup as exact_time / approx_time.",intermediate,"Counts rows in the dataset. In the approximate engine, the sampled count is scaled up by 1/sample_frac."
6,conv_002,1,user,Is COUNT faster in the approximate engine?,performance,"exact, approx",COUNT,none,integer,assistant,COUNT() does not need a column name here because your implementation counts all rows. Approximate COUNT is usually very close if the sample is representative.,beginner,"Counts rows in the dataset. In the approximate engine, the sampled count is scaled up by 1/sample_frac."
7,conv_002,1,user,How can I compare COUNT across both engines?,comparison,"exact, approx",COUNT,none,integer,assistant,"Use COUNT() with no column argument. In the exact engine it returns the true row count from user_table. In the approximate engine it counts the sampled rows and scales the result by 1/sample_frac, so it is much faster but only an estimate.",beginner,"Counts rows in the dataset. In the approximate engine, the sampled count is scaled up by 1/sample_frac."
8,conv_002,1,user,How do I use COUNT in the exact engine?,usage,"exact, approx",COUNT,none,integer,assistant,"COUNT() is the right choice when you want the number of rows. For a fair comparison, wrap both exact.COUNT and approx.COUNT with _time_it and then compute speedup as exact_time / approx_time.",beginner,"Counts rows in the dataset. In the approximate engine, the sampled count is scaled up by 1/sample_frac."
9,conv_003,1,user,What is the difference between exact and approximate COUNT?,difference,"exact, approx",COUNT,none,integer,assistant,COUNT() does not need a column name here because your implementation counts all rows. Approximate COUNT is usually very close if the sample is representative.,intermediate,"Counts rows in the dataset. In the approximate engine, the sampled count is scaled up by 1/sample_frac."
10,conv_003,1,user,How do I calculate total price?,usage,"exact, approx",SUM,amount,float,assistant,"Call SUM('price') or another numeric column. The exact engine returns the true sum, while the approximate engine sums over the sample and scales up by 1/sample_frac.",intermediate,"Computes the sum of a numeric column. In the approximate engine, the sample sum is scaled up by 1/sample_frac."
11,conv_003,1,user,What should I pass to SUM?,difference,"exact, approx",SUM,price,float,assistant,"SUM(column) should only be used with numeric columns like price. If you pass a text column such as Product, DuckDB will fail because SUM expects numeric data.",beginner,"Computes the sum of a numeric column. In the approximate engine, the sample sum is scaled up by 1/sample_frac."
12,conv_003,1,user,Why is approximate SUM slightly different from exact SUM?,parameter,"exact, approx",SUM,price,float,assistant,"If approximate SUM differs from exact SUM, that is expected. A smaller sample_frac gives more speed but can increase estimation error.",beginner,"Computes the sum of a numeric column. In the approximate engine, the sample sum is scaled up by 1/sample_frac."
13,conv_004,1,user,Why am I getting unexpected output when using SUM?,error_handling,"exact, approx",SUM,revenue,float,assistant,"Call SUM('price') or another numeric column. The exact engine returns the true sum, while the approximate engine sums over the sample and scales up by 1/sample_frac.",beginner,"Computes the sum of a numeric column. In the approximate engine, the sample sum is scaled up by 1/sample_frac."
14,conv_004,1,user,How should I interpret the result of SUM?,interpretation,"exact, approx",SUM,price,float,assistant,"SUM(column) should only be used with numeric columns like price. If you pass a text column such as Product, DuckDB will fail because SUM expects numeric data.",beginner,"Computes the sum of a numeric column. In the approximate engine, the sample sum is scaled up by 1/sample_frac."
15,conv_004,1,user,Is SUM faster in the approximate engine?,performance,"exact, approx",SUM,price,float,assistant,"If approximate SUM differs from exact SUM, that is expected. A smaller sample_frac gives more speed but can increase estimation error.",beginner,"Computes the sum of a numeric column. In the approximate engine, the sample sum is scaled up by 1/sample_frac."
16,conv_004,1,user,How can I compare SUM across both engines?,comparison,"exact, approx",SUM,revenue,float,assistant,"Call SUM('price') or another numeric column. The exact engine returns the true sum, while the approximate engine sums over the sample and scales up by 1/sample_frac.",beginner,"Computes the sum of a numeric column. In the approximate engine, the sample sum is scaled up by 1/sample_frac."
17,conv_005,1,user,How do I use SUM in the approximate engine?,usage,"exact, approx",SUM,price,float,assistant,"SUM(column) should only be used with numeric columns like price. If you pass a text column such as Product, DuckDB will fail because SUM expects numeric data.",intermediate,"Computes the sum of a numeric column. In the approximate engine, the sample sum is scaled up by 1/sample_frac."
18,conv_005,1,user,What is the difference between exact and approximate SUM?,difference,"exact, approx",SUM,amount,float,assistant,"If approximate SUM differs from exact SUM, that is expected. A smaller sample_frac gives more speed but can increase estimation error.",beginner,"Computes the sum of a numeric column. In the approximate engine, the sample sum is scaled up by 1/sample_frac."
19,conv_005,1,user,How do I get average price?,usage,"exact, approx",AVG,price,float_or_stats_dict,assistant,"Use AVG('price') for the mean. In the approximate engine the return value is a dictionary with estimate, moe, ci_low, and ci_high, so you should read result['estimate'] if you only want the point estimate.",intermediate,"Computes average of a numeric column. In the approximate engine it also returns estimate, margin of error, and confidence interval."
20,conv_005,1,user,Why does approximate AVG return a dictionary?,difference,"exact, approx",AVG,amount,float_or_stats_dict,assistant,The approximate AVG returns extra statistics because your engine computes a 95% confidence interval. ci_low and ci_high give the interval around the estimate and moe is the margin of error.,intermediate,"Computes average of a numeric column. In the approximate engine it also returns estimate, margin of error, and confidence interval."
21,conv_006,1,user,What does ci_low and ci_high mean?,parameter,"exact, approx",AVG,amount,float_or_stats_dict,assistant,"AVG is a good demo query for your engine because it clearly shows the tradeoff between speed and uncertainty. Smaller samples are faster, but the confidence interval becomes wider.",beginner,"Computes average of a numeric column. In the approximate engine it also returns estimate, margin of error, and confidence interval."
22,conv_006,1,user,Why am I getting unexpected output when using AVG?,error_handling,"exact, approx",AVG,price,float_or_stats_dict,assistant,"Use AVG('price') for the mean. In the approximate engine the return value is a dictionary with estimate, moe, ci_low, and ci_high, so you should read result['estimate'] if you only want the point estimate.",intermediate,"Computes average of a numeric column. In the approximate engine it also returns estimate, margin of error, and confidence interval."
23,conv_006,1,user,How should I interpret the result of AVG?,interpretation,"exact, approx",AVG,revenue,float_or_stats_dict,assistant,The approximate AVG returns extra statistics because your engine computes a 95% confidence interval. ci_low and ci_high give the interval around the estimate and moe is the margin of error.,beginner,"Computes average of a numeric column. In the approximate engine it also returns estimate, margin of error, and confidence interval."
24,conv_006,1,user,Is AVG faster in the approximate engine?,performance,"exact, approx",AVG,price,float_or_stats_dict,assistant,"AVG is a good demo query for your engine because it clearly shows the tradeoff between speed and uncertainty. Smaller samples are faster, but the confidence interval becomes wider.",beginner,"Computes average of a numeric column. In the approximate engine it also returns estimate, margin of error, and confidence interval."
25,conv_007,1,user,How can I compare AVG across both engines?,comparison,"exact, approx",AVG,revenue,float_or_stats_dict,assistant,"Use AVG('price') for the mean. In the approximate engine the return value is a dictionary with estimate, moe, ci_low, and ci_high, so you should read result['estimate'] if you only want the point estimate.",intermediate,"Computes average of a numeric column. In the approximate engine it also returns estimate, margin of error, and confidence interval."
26,conv_007,1,user,How do I use AVG in the approximate engine?,usage,"exact, approx",AVG,price,float_or_stats_dict,assistant,The approximate AVG returns extra statistics because your engine computes a 95% confidence interval. ci_low and ci_high give the interval around the estimate and moe is the margin of error.,beginner,"Computes average of a numeric column. In the approximate engine it also returns estimate, margin of error, and confidence interval."
27,conv_007,1,user,What is the difference between exact and approximate AVG?,difference,"exact, approx",AVG,price,float_or_stats_dict,assistant,"AVG is a good demo query for your engine because it clearly shows the tradeoff between speed and uncertainty. Smaller samples are faster, but the confidence interval becomes wider.",intermediate,"Computes average of a numeric column. In the approximate engine it also returns estimate, margin of error, and confidence interval."
28,conv_007,1,user,How do I count rows per Product?,usage,exact,GROUP_BY,Product,dataframe,assistant,Use GROUP_BY('Product') in the exact engine. It returns a DataFrame with the group column and exact_count for each unique value.,intermediate,Groups by a categorical column and returns exact counts per group.
29,conv_008,1,user,How do I group by category exactly?,difference,exact,GROUP_BY,Product,dataframe,assistant,"GROUP_BY is for exact per-group counts. In your implementation it runs SELECT group_col, COUNT(*) ... GROUP BY group_col on user_table and returns the result as a DataFrame.",beginner,Groups by a categorical column and returns exact counts per group.
30,conv_008,1,user,What is the output of exact GROUP_BY?,parameter,exact,GROUP_BY,category,dataframe,assistant,"If you want exact counts for each category or product, GROUP_BY is the correct method. It is more trustworthy than NGROUP_BY but usually slower on large data.",beginner,Groups by a categorical column and returns exact counts per group.
31,conv_008,1,user,Why am I getting unexpected output when using GROUP_BY?,error_handling,exact,GROUP_BY,category,dataframe,assistant,Use GROUP_BY('Product') in the exact engine. It returns a DataFrame with the group column and exact_count for each unique value.,beginner,Groups by a categorical column and returns exact counts per group.
32,conv_008,1,user,How should I interpret the result of GROUP_BY?,interpretation,exact,GROUP_BY,Product,dataframe,assistant,"GROUP_BY is for exact per-group counts. In your implementation it runs SELECT group_col, COUNT(*) ... GROUP BY group_col on user_table and returns the result as a DataFrame.",beginner,Groups by a categorical column and returns exact counts per group.
33,conv_009,1,user,Is GROUP_BY faster in the approximate engine?,performance,exact,GROUP_BY,category,dataframe,assistant,"If you want exact counts for each category or product, GROUP_BY is the correct method. It is more trustworthy than NGROUP_BY but usually slower on large data.",beginner,Groups by a categorical column and returns exact counts per group.
34,conv_009,1,user,How can I compare GROUP_BY across both engines?,comparison,exact,GROUP_BY,category,dataframe,assistant,Use GROUP_BY('Product') in the exact engine. It returns a DataFrame with the group column and exact_count for each unique value.,beginner,Groups by a categorical column and returns exact counts per group.
35,conv_009,1,user,How do I use GROUP_BY in the exact engine?,usage,exact,GROUP_BY,category,dataframe,assistant,"GROUP_BY is for exact per-group counts. In your implementation it runs SELECT group_col, COUNT(*) ... GROUP BY group_col on user_table and returns the result as a DataFrame.",intermediate,Groups by a categorical column and returns exact counts per group.
36,conv_009,1,user,What is the difference between exact and approximate GROUP_BY?,difference,exact,GROUP_BY,Product,dataframe,assistant,"If you want exact counts for each category or product, GROUP_BY is the correct method. It is more trustworthy than NGROUP_BY but usually slower on large data.",beginner,Groups by a categorical column and returns exact counts per group.
37,conv_010,1,user,How do I get approximate counts per Product?,usage,approx,NGROUP_BY,Product,dataframe,assistant,Use NGROUP_BY('Product') in the approximate engine for fast per-group estimates. It counts each group in the sample and scales the counts by 1/sample_frac.,intermediate,Naive approximate group-by. It groups sampled rows and scales counts up by 1/sample_frac.
38,conv_010,1,user,What is NGROUP_BY used for?,difference,approx,NGROUP_BY,category,dataframe,assistant,"NGROUP_BY is a naive approximate group-by. It is useful for demos, but rare groups can have higher error because the estimate depends on how well they appear in the sample.",intermediate,Naive approximate group-by. It groups sampled rows and scales counts up by 1/sample_frac.
39,conv_010,1,user,Why can approximate group counts have error?,parameter,approx,NGROUP_BY,category,dataframe,assistant,The output of NGROUP_BY is a DataFrame with the group column and approx_count. You can compare it with exact GROUP_BY by merging on the group column and computing per-group error.,beginner,Naive approximate group-by. It groups sampled rows and scales counts up by 1/sample_frac.
40,conv_010,1,user,Why am I getting unexpected output when using NGROUP_BY?,error_handling,approx,NGROUP_BY,category,dataframe,assistant,Use NGROUP_BY('Product') in the approximate engine for fast per-group estimates. It counts each group in the sample and scales the counts by 1/sample_frac.,beginner,Naive approximate group-by. It groups sampled rows and scales counts up by 1/sample_frac.
41,conv_011,1,user,How should I interpret the result of NGROUP_BY?,interpretation,approx,NGROUP_BY,Product,dataframe,assistant,"NGROUP_BY is a naive approximate group-by. It is useful for demos, but rare groups can have higher error because the estimate depends on how well they appear in the sample.",beginner,Naive approximate group-by. It groups sampled rows and scales counts up by 1/sample_frac.
42,conv_011,1,user,Is NGROUP_BY faster in the approximate engine?,performance,approx,NGROUP_BY,category,dataframe,assistant,The output of NGROUP_BY is a DataFrame with the group column and approx_count. You can compare it with exact GROUP_BY by merging on the group column and computing per-group error.,intermediate,Naive approximate group-by. It groups sampled rows and scales counts up by 1/sample_frac.
43,conv_011,1,user,How can I compare NGROUP_BY across both engines?,comparison,approx,NGROUP_BY,category,dataframe,assistant,Use NGROUP_BY('Product') in the approximate engine for fast per-group estimates. It counts each group in the sample and scales the counts by 1/sample_frac.,beginner,Naive approximate group-by. It groups sampled rows and scales counts up by 1/sample_frac.
44,conv_011,1,user,How do I use NGROUP_BY in the approximate engine?,usage,approx,NGROUP_BY,category,dataframe,assistant,"NGROUP_BY is a naive approximate group-by. It is useful for demos, but rare groups can have higher error because the estimate depends on how well they appear in the sample.",intermediate,Naive approximate group-by. It groups sampled rows and scales counts up by 1/sample_frac.
45,conv_012,1,user,What is the difference between exact and approximate NGROUP_BY?,difference,approx,NGROUP_BY,Product,dataframe,assistant,The output of NGROUP_BY is a DataFrame with the group column and approx_count. You can compare it with exact GROUP_BY by merging on the group column and computing per-group error.,intermediate,Naive approximate group-by. It groups sampled rows and scales counts up by 1/sample_frac.
46,conv_012,1,user,Can I set target accuracy instead of sample fraction?,usage,approx,accuracy_target,0.99,configuration_value,assistant,"Yes. Instead of manually passing sample_frac, initialize ApproximateEngine(df, accuracy_target=0.95). The engine uses your accuracy mapper to convert that target into a sample fraction.",beginner,Lets the approximate engine choose sample_frac using the accuracy mapper.
47,conv_012,1,user,How does accuracy_target decide sample size?,difference,approx,accuracy_target,0.95,configuration_value,assistant,"In your mapper, accuracy_target 0.95 maps to sample_frac 0.10, 0.97 maps to 0.20, and 0.99 maps to 0.50. Higher targets use larger samples and are slower but more accurate.",beginner,Lets the approximate engine choose sample_frac using the accuracy mapper.
48,conv_012,1,user,What sample fraction is used for 0.95 accuracy?,parameter,approx,accuracy_target,0.95,configuration_value,assistant,Use accuracy_target when you want a simpler user-facing knob. It hides the sampling details and lets the chatbot explain accuracy in a more natural way.,beginner,Lets the approximate engine choose sample_frac using the accuracy mapper.
49,conv_013,1,user,Why am I getting unexpected output when using accuracy_target?,error_handling,approx,accuracy_target,0.99,configuration_value,assistant,"Yes. Instead of manually passing sample_frac, initialize ApproximateEngine(df, accuracy_target=0.95). The engine uses your accuracy mapper to convert that target into a sample fraction.",beginner,Lets the approximate engine choose sample_frac using the accuracy mapper.
50,conv_013,1,user,How should I interpret the result of accuracy_target?,interpretation,approx,accuracy_target,0.99,configuration_value,assistant,"In your mapper, accuracy_target 0.95 maps to sample_frac 0.10, 0.97 maps to 0.20, and 0.99 maps to 0.50. Higher targets use larger samples and are slower but more accurate.",beginner,Lets the approximate engine choose sample_frac using the accuracy mapper.
51,conv_013,1,user,Is accuracy_target faster in the approximate engine?,performance,approx,accuracy_target,0.90,configuration_value,assistant,Use accuracy_target when you want a simpler user-facing knob. It hides the sampling details and lets the chatbot explain accuracy in a more natural way.,beginner,Lets the approximate engine choose sample_frac using the accuracy mapper.
52,conv_013,1,user,How can I compare accuracy_target across both engines?,comparison,approx,accuracy_target,0.99,configuration_value,assistant,"Yes. Instead of manually passing sample_frac, initialize ApproximateEngine(df, accuracy_target=0.95). The engine uses your accuracy mapper to convert that target into a sample fraction.",intermediate,Lets the approximate engine choose sample_frac using the accuracy mapper.
53,conv_014,1,user,How do I use accuracy_target in the approximate engine?,usage,approx,accuracy_target,0.99,configuration_value,assistant,"In your mapper, accuracy_target 0.95 maps to sample_frac 0.10, 0.97 maps to 0.20, and 0.99 maps to 0.50. Higher targets use larger samples and are slower but more accurate.",beginner,Lets the approximate engine choose sample_frac using the accuracy mapper.
54,conv_014,1,user,What is the difference between exact and approximate accuracy_target?,difference,approx,accuracy_target,0.90,configuration_value,assistant,Use accuracy_target when you want a simpler user-facing knob. It hides the sampling details and lets the chatbot explain accuracy in a more natural way.,beginner,Lets the approximate engine choose sample_frac using the accuracy mapper.
55,conv_014,1,user,What does sample_frac=0.1 mean?,usage,approx,sample_frac,0.10,configuration_value,assistant,"sample_frac is the fraction of the original dataset used to build the sample. For example, 0.1 means 10% of rows are sampled.",beginner,Controls what fraction of the dataset is sampled.
56,conv_014,1,user,How do I trade speed for accuracy?,difference,approx,sample_frac,0.05,configuration_value,assistant,"A lower sample_frac usually makes the approximate engine faster, but the estimates become noisier. A higher sample_frac improves accuracy and narrows the confidence interval.",intermediate,Controls what fraction of the dataset is sampled.
57,conv_015,1,user,Which sample fraction should I start with?,parameter,approx,sample_frac,0.05,configuration_value,assistant,"If you are building a chatbot around the engine, sample_frac is the easiest setting to explain as a speed-versus-accuracy slider.",intermediate,Controls what fraction of the dataset is sampled.
58,conv_015,1,user,Why am I getting unexpected output when using sample_frac?,error_handling,approx,sample_frac,0.05,configuration_value,assistant,"sample_frac is the fraction of the original dataset used to build the sample. For example, 0.1 means 10% of rows are sampled.",intermediate,Controls what fraction of the dataset is sampled.
59,conv_015,1,user,How should I interpret the result of sample_frac?,interpretation,approx,sample_frac,0.05,configuration_value,assistant,"A lower sample_frac usually makes the approximate engine faster, but the estimates become noisier. A higher sample_frac improves accuracy and narrows the confidence interval.",intermediate,Controls what fraction of the dataset is sampled.
60,conv_015,1,user,Is sample_frac faster in the approximate engine?,performance,approx,sample_frac,0.20,configuration_value,assistant,"If you are building a chatbot around the engine, sample_frac is the easiest setting to explain as a speed-versus-accuracy slider.",beginner,Controls what fraction of the dataset is sampled.
61,conv_016,1,user,How can I compare sample_frac across both engines?,comparison,approx,sample_frac,0.20,configuration_value,assistant,"sample_frac is the fraction of the original dataset used to build the sample. For example, 0.1 means 10% of rows are sampled.",intermediate,Controls what fraction of the dataset is sampled.
62,conv_016,1,user,How do I use sample_frac in the approximate engine?,usage,approx,sample_frac,0.05,configuration_value,assistant,"A lower sample_frac usually makes the approximate engine faster, but the estimates become noisier. A higher sample_frac improves accuracy and narrows the confidence interval.",intermediate,Controls what fraction of the dataset is sampled.
63,conv_016,1,user,What is the difference between exact and approximate sample_frac?,difference,approx,sample_frac,0.20,configuration_value,assistant,"If you are building a chatbot around the engine, sample_frac is the easiest setting to explain as a speed-versus-accuracy slider.",beginner,Controls what fraction of the dataset is sampled.
64,conv_016,1,user,How do I benchmark query speed?,usage,"exact, approx",_time_it,none,tuple_result_and_time_ms,assistant,"_time_it(func, *args) returns both the query result and the elapsed time in milliseconds. That makes it easy to report speed and compare engines.",intermediate,Measures execution time in milliseconds for a function call.
65,conv_017,1,user,What does _time_it return?,difference,"exact, approx",_time_it,none,tuple_result_and_time_ms,assistant,"Use _time_it when the user asks which engine is faster. You can benchmark exact and approximate calls the same way, then compute speedup = exact_time / approx_time.",beginner,Measures execution time in milliseconds for a function call.
66,conv_017,1,user,How is speedup calculated?,parameter,"exact, approx",_time_it,none,tuple_result_and_time_ms,assistant,The helper does not change the query result. It only wraps the function call with perf_counter and returns elapsed milliseconds.,beginner,Measures execution time in milliseconds for a function call.
67,conv_017,1,user,Why am I getting unexpected output when using _time_it?,error_handling,"exact, approx",_time_it,none,tuple_result_and_time_ms,assistant,"_time_it(func, *args) returns both the query result and the elapsed time in milliseconds. That makes it easy to report speed and compare engines.",beginner,Measures execution time in milliseconds for a function call.
68,conv_017,1,user,How should I interpret the result of _time_it?,interpretation,"exact, approx",_time_it,none,tuple_result_and_time_ms,assistant,"Use _time_it when the user asks which engine is faster. You can benchmark exact and approximate calls the same way, then compute speedup = exact_time / approx_time.",beginner,Measures execution time in milliseconds for a function call.
69,conv_018,1,user,Is _time_it faster in the approximate engine?,performance,"exact, approx",_time_it,none,tuple_result_and_time_ms,assistant,The helper does not change the query result. It only wraps the function call with perf_counter and returns elapsed milliseconds.,intermediate,Measures execution time in milliseconds for a function call.
70,conv_018,1,user,How can I compare _time_it across both engines?,comparison,"exact, approx",_time_it,none,tuple_result_and_time_ms,assistant,"_time_it(func, *args) returns both the query result and the elapsed time in milliseconds. That makes it easy to report speed and compare engines.",intermediate,Measures execution time in milliseconds for a function call.
71,conv_018,1,user,How do I use _time_it in the exact engine?,usage,"exact, approx",_time_it,none,tuple_result_and_time_ms,assistant,"Use _time_it when the user asks which engine is faster. You can benchmark exact and approximate calls the same way, then compute speedup = exact_time / approx_time.",beginner,Measures execution time in milliseconds for a function call.
72,conv_018,1,user,What is the difference between exact and approximate _time_it?,difference,"exact, approx",_time_it,none,tuple_result_and_time_ms,assistant,The helper does not change the query result. It only wraps the function call with perf_counter and returns elapsed milliseconds.,intermediate,Measures execution time in milliseconds for a function call.
73,conv_019,1,user,"I want faster results, should I use sample_frac or accuracy_target?",help,"exact, approx",general,varies,natural_language_help,assistant,"Use sample_frac if you want direct control over the percentage of data sampled. Use accuracy_target if you want a simpler setting like 0.95, and let the mapper choose a matching sample fraction automatically.",beginner,General support Q&A about engine usage and interpretation.
74,conv_019,1,user,Why does approximate AVG return estimate and moe instead of a single number?,help,"exact, approx",general,varies,natural_language_help,assistant,"Your approximate AVG is designed to expose uncertainty. estimate is the sampled mean, moe is the margin of error, and ci_low to ci_high gives the 95% confidence interval.",beginner,General support Q&A about engine usage and interpretation.
75,conv_019,1,user,Can I use GROUP_BY in the approximate engine?,help,"exact, approx",general,varies,natural_language_help,assistant,"Not the exact GROUP_BY method. In your current code, the approximate engine exposes NGROUP_BY, which is a naive approximate group-by returning approx_count per group.",beginner,General support Q&A about engine usage and interpretation.
76,conv_019,1,user,How do I calculate speedup in my comparison script?,help,"exact, approx",general,varies,natural_language_help,assistant,"Use speedup = exact_time / approx_time. If the value is above 1, the approximate query was faster than the exact query.",beginner,General support Q&A about engine usage and interpretation.
77,conv_020,1,user,Which columns are safe for SUM and AVG?,help,"exact, approx",general,varies,natural_language_help,assistant,"Only numeric columns should be used with SUM and AVG, such as price or revenue. Categorical columns like Product should instead be used with GROUP_BY.",intermediate,General support Q&A about engine usage and interpretation.
78,conv_020,1,user,What happens if I pass both sample_frac and accuracy_target?,help,"exact, approx",general,varies,natural_language_help,assistant,"Your ApproximateEngine raises a ValueError because it expects exactly one of them, not both.",beginner,General support Q&A about engine usage and interpretation.
79,conv_020,1,user,What happens if I pass neither sample_frac nor accuracy_target?,help,"exact, approx",general,varies,natural_language_help,assistant,Your ApproximateEngine raises a ValueError asking you to provide either sample_frac or accuracy_target.,beginner,General support Q&A about engine usage and interpretation.
80,conv_020,1,user,Why can rare products have high error in NGROUP_BY?,help,"exact, approx",general,varies,natural_language_help,assistant,"Because NGROUP_BY uses sampled rows. If a rare product appears only a few times in the sample, scaling it up can create larger percentage error than for common products.",intermediate,General support Q&A about engine usage and interpretation.
81,conv_021,1,user,What does sample_frac=1.0 mean?,help,"exact, approx",general,varies,natural_language_help,assistant,"It means the sample includes the full dataset. In practice, the approximate engine then behaves like an exact calculation for COUNT, SUM, and AVG, though it still follows the approximate-engine code path.",intermediate,General support Q&A about engine usage and interpretation.
82,conv_021,1,user,How does the chatbot explain confidence interval to a beginner?,help,"exact, approx",general,varies,natural_language_help,assistant,"A simple explanation is that the estimate is your best guess from the sample, and the confidence interval is the likely range where the true average lies.",beginner,General support Q&A about engine usage and interpretation.
